No,US-ID,ユーザー,アクティビティ,サブアクティビティ,ユーザーストーリー,実装ステータス,判定理由,受入基準
1,US-001,EMP_採用担当者,A. 採用計画,3. 採⽤⽬標⼈数の設定,職種・求⼈ごとに「採⽤⽬標⼈数」を登録・確認する,部分実装,既存機能 + 今回拡張で一部のみ対応,- 求⼈票作成画⾯で「採⽤⽬標⼈数」を数値入⼒できる
1,US-001,JS_求職者,P. その他,1. ユーザーアクティビティ・基本情報,会員登録時に基本情報を入力する,部分実装,プロフィール入力基盤は実装済みだが会員登録フロー統合は要追加,- 会員登録時に基本情報（年代・居住地・学歴・職歴・希望職種等）を入力できること
1,US-001,PC_運営者,P. その他,1. 求職者へのアクション,求職者にプラットフォーム内通知・メール通知を送信する,既存実装あり,現行システムの既存機能で対応済み想定（要受入確認）,- プラットフォーム内通知・メール通知を求職者に送信できること
1,US-001,RP,A. 採用計画,1. 採用充足率の横断確認,担当する複数官公庁の採用目標人数・充足率・直近の試験日程を一画面で横断確認する,今回実装済,本対応でAPI/画面を追加済み,"- 担当している官公庁一覧が表示される
- 各官公庁の行に「採用目標 / 直近試験日」が表示される
- 試験日程は、カレンダービュー（月・週）と一覧ビューの両方で確認できる
- 閲覧のみができる（編集権限は官公庁の採用担当者のみ）"
2,US-001,EMP_採用担当者,A. 採用計画,4. 母集団形成の計画,過去の採⽤ファネルデータ（エントリー数・各選考通過率・内定承諾率）を参照する,部分実装,既存機能 + 今回拡張で一部のみ対応,"- 採⽤ファネルは、エントリー→⼀次→⼆次→内定→承諾の区分で参照できる
- 採⽤ファネルデータは、エントリー数・各選考通過率・内定承諾率が参照できる
- 年度別（前年度・前々年度 等）に参照できる"
2,US-002,JS_求職者,P. その他,1. ユーザーアクティビティ・基本情報,価値観・思考性に関する設問に回答しプロフィールを蓄積する,今回実装済,価値観プロフィールAPI/画面を追加し回答蓄積を実装,- 価値観・思考性に関する設問への回答をプロフィールとして蓄積できること
2,US-002,PC_運営者,P. その他,1. 求職者へのアクション,送信対象をユーザー属性等の条件で絞り込む,既存実装あり,現行システムの既存機能で対応済み想定（要受入確認）,- ユーザー属性や登録自治体等の条件で送信対象を絞り込めること
2,US-002,RP,A. 採用計画,1. 採用充足率の横断確認,選択した官公庁の詳細状況を確認する,部分実装,既存機能 + 今回拡張で一部のみ対応,- 官公庁名をクリックすると該当官公庁の詳細ダッシュボードに遷移できる
3,US-001,EMP_採用担当者,A. 採用計画,6. 試験⽇程の設定,「試験⽇程」を登録・確認する,既存実装あり,現行システムの既存機能で対応済み想定（要受入確認）,"- 求人票の作成・編集画面で選考ステップごとに日程（日付・時間帯）を登録できる
- 登録した日程がカレンダービュー（月・週）と一覧ビューの両方で確認できる
- 複数求人が同一日程に重なる場合、カレンダー上で視覚的に識別できる（色分け等）"
3,US-003,JS_求職者,P. その他,1. ユーザーアクティビティ・基本情報,AIが最適な地域・求人・コンテンツのレコメンドを受け取る,今回実装済,本対応でAPI/画面を追加済み,- 蓄積データをもとにAIが最適な地域・求人・コンテンツをレコメンドできること
3,US-003,PC_運営者,P. その他,1. 求職者へのアクション,通知テンプレートを作成・管理し変数を動的に差し込む,既存実装あり,現行システムの既存機能で対応済み想定（要受入確認）,- 通知テンプレートを作成・管理でき、変数を動的に差し込めること
3,US-001,RP,N. 選考管理,1. 採用充足状況の横断確認,担当する複数官公庁の採用目標人数・充足率・直近の試験日程を一画面で横断確認する,今回実装済,本対応でAPI/画面を追加済み,"- 担当している官公庁一覧が充足率の低い順にソートして表示される
- 各官公庁の行に「採用目標 / 現充足率 / 直近試験日」が表示される
- 充足率が閾値以下の官公庁には警告アイコンが表示される"
4,US-002,EMP_採用担当者,A. 採用計画,3. 採⽤⽬標⼈数の設定,「採⽤⽬標⼈数」をダッシュボードで確認する,部分実装,既存機能 + 今回拡張で一部のみ対応,- TBD
4,US-002,RP,N. 選考管理,1. 採用充足状況の横断確認,選択した官公庁の詳細状況を確認する,部分実装,既存機能 + 今回拡張で一部のみ対応,- 官公庁名をクリックすると該当官公庁の詳細ダッシュボードに遷移できる
5,US-002,EMP_採用担当者,A. 採用計画,4. 母集団形成の計画,「必要エントリー数（⽬安）」を確認する,今回実装済,本対応でAPI/画面を追加済み,"- 「必要エントリー数（⽬安）」の計算には、過去平均通過率を使⽤する
- 初年度など過去データがない場合は計算を⾏わない
- 初年度など過去データがない場合は「データ蓄積中」と表⽰する
- 計算結果はあくまで「⽬安」であることを注釈として明⽰する"
5,US-005,JS_求職者,P. その他,1. ユーザーアクティビティ・基本情報,普段接触しない地域・職種の情報を探索型表示で受け取る,今回実装済,本対応でAPI/画面を追加済み,- 普段接触しない地域・職種の情報を偶発的に提示する探索型表示ができること
5,US-005,PC_運営者,P. その他,1. 求職者へのアクション,通知の開封率・クリック率を計測する,部分実装,一部指標・比較機能のみ先行実装,- 通知の開封率・クリック率を計測できること
5,US-001,RP,P. その他,1. AIリクルーティングプロデューサー,採用フェーズに応じた推奨アクションをAIから受け取る,部分実装,AI採用支援API/画面を追加済み（複数自治体運用の実データ連携は要拡張）,- 採用フェーズに応じた推奨アクションをAIが提示できること
6,US-002,EMP_採用担当者,A. 採用計画,6. 試験⽇程の設定,「試験⽇程」が近づいた際にリマインドを受ける,既存実装あり,現行システムの既存機能で対応済み想定（要受入確認）,- 日程が近づいた際（例: 3日前）に通知またはダッシュボード上でリマインド表示される
6,US-006,PC_運営者,P. その他,1. 求職者へのアクション,緊急通知を全ユーザーへ即時配信する,既存実装あり,現行システムの既存機能で対応済み想定（要受入確認）,- 緊急通知を全ユーザーへ即時配信できること
6,US-002,RP,P. その他,1. AIリクルーティングプロデューサー,対応期限が近いタスクのリマインド通知を受け取る,部分実装,AI採用支援API/画面を追加済み（複数自治体運用の実データ連携は要拡張）,- 対応期限が近いタスクをAIがリマインド通知できること
7,US-001,EMP_採用担当者,B. 採用広報,1. 応募者向けオンラインメディア,メディアページに動画・記事コンテンツを掲載・管理する,部分実装,既存機能 + 今回拡張で一部のみ対応,- プラットフォーム内にメディアページを新設し、動画・記事コンテンツを掲載・管理できること
7,US-003,RP,P. その他,1. AIリクルーティングプロデューサー,応募者状況・採用アクティビティの週次レポートを受け取る,部分実装,AI採用支援API/画面を追加済み（複数自治体運用の実データ連携は要拡張）,"- 応募者状況・採用アクティビティを週次レポートとして自動生成・配信できること
- 週次レポートには前週比較・目標達成率・推奨アクションを必ず含むこと"
8,US-001,EMP_採用担当者,B. 採用広報,2. ブログ記事発信,音源・文書ファイルをインポートしAIが記事本文を自動生成する,部分実装,既存機能 + 今回拡張で一部のみ対応,"- 既存のブログ記事執筆・投稿機能を維持しつつ追加機能として利用できること
- 以下のファイル形式をインポートしてAIが記事本文を自動生成できること
  ・音声ファイル（MP3・WAV・M4A）
  ・PDF（募集要項・パンフレット・説明会資料など）
  ・Word文書（.docx）
  ・PowerPointファイル（.pptx）
- インポート後、AIがファイルの内容を解析し記事構成（見出し・本文・まとめ）を自動生成できること
- 複数ファイルを同時にインポートして統合記事を生成できること
- 生成された記事はそのまま投稿または編集・修正が可能であること"
8,US-004,RP,P. その他,1. AIリクルーティングプロデューサー,複数自治体担当の場合、自治体ごとの進捗を一覧確認する,部分実装,AI採用支援API/画面を追加済み（複数自治体運用の実データ連携は要拡張）,- 複数自治体担当の場合、自治体ごとの進捗を一覧確認できること
9,US-001,EMP_採用担当者,B. 採用広報,3. 採用案内発信,求人リンクをカード型・バナー型などのUIフォーマットで表示する,部分実装,既存機能 + 今回拡張で一部のみ対応,- 求人リンクをカード型・バナー型などUI上の独自フォーマットで表示できること
9,US-005,RP,P. その他,1. AIリクルーティングプロデューサー,過去データをもとにAIが先回りで実施すべき施策の提案を受け取る,部分実装,AI採用支援API/画面を追加済み（複数自治体運用の実データ連携は要拡張）,- 過去データをもとに「この時期にやるべきこと」をAIが先回りで提案できること
10,US-001,EMP_採用担当者,B. 採用広報,4. SNS投稿,主要SNSアカウントとAPI連携しプラットフォーム内から投稿を一元管理する,部分実装,既存機能 + 今回拡張で一部のみ対応,- 主要SNSアカウントとAPI連携でき、プラットフォーム内から投稿を一元管理できること
11,US-001,EMP_採用担当者,B. 採用広報,5. 見込み応募者へのメッセージ送信,自治体ページのフォロワー数・属性を把握する,部分実装,一部指標・比較機能のみ先行実装,"- 官公庁・自治体ページのフォロワー数をリアルタイムで確認できる
- フォロワーの属性情報（年代・居住地・閲覧コンテンツ傾向等）を集計・可視化できる"
12,US-002,EMP_採用担当者,B. 採用広報,1. 応募者向けオンラインメディア,会員登録状態に応じて閲覧可能なコンテンツ範囲を制御する,部分実装,既存機能 + 今回拡張で一部のみ対応,- 会員登録状態に応じて閲覧可能なコンテンツ範囲を制御できること
13,US-002,EMP_採用担当者,B. 採用広報,2. ブログ記事発信,記事のトーンをサンプルから選択して生成スタイルを指定する,部分実装,既存機能 + 今回拡張で一部のみ対応,"- 記事のトーンをサンプルから選択して生成スタイルを指定できること
- 音声・文書ファイルのどちらから生成した場合でも同様にトーン選択が適用されること"
14,US-002,EMP_採用担当者,B. 採用広報,3. 採用案内発信,必要事項を入力しAIが掲載コンテンツの本文・見出しを自動生成する,部分実装,既存機能 + 今回拡張で一部のみ対応,- 必要事項を入力すると掲載コンテンツの本文・見出しをAIが自動生成できること
15,US-002,EMP_採用担当者,B. 採用広報,4. SNS投稿,AIが各SNS形式に最適化された文面と画像を生成する,部分実装,既存機能 + 今回拡張で一部のみ対応,"- 「SNS投稿用に変換」ボタン押下で各SNS形式に最適化された文面と画像をAIが生成できること
- プラットフォーム固有の制約（文字数・ハッシュタグ等）に自動対応できること"
16,US-002,EMP_採用担当者,B. 採用広報,5. 見込み応募者へのメッセージ送信,フォロワーの属性情報を集計・可視化する,部分実装,一部指標・比較機能のみ先行実装,- フォロワーの属性情報（年代・居住地・閲覧傾向等）を集計・可視化できること
17,US-003,EMP_採用担当者,B. 採用広報,1. 応募者向けオンラインメディア,AIが関連コンテンツをレコメンド表示する,今回実装済,本対応でAPI/画面を追加済み,- 閲覧履歴をもとにAIが関連コンテンツをレコメンド表示できること
18,US-003,EMP_採用担当者,B. 採用広報,2. ブログ記事発信,投稿前にAIが誤植・表記ゆれ・不適切表現を検出し修正候補を確認する,部分実装,既存機能 + 今回拡張で一部のみ対応,- 投稿前にAIが誤植・表記ゆれ・不適切表現を検出し修正候補を表示できること
19,US-003,EMP_採用担当者,B. 採用広報,3. 採用案内発信,公開前にAIが誤植・表記ゆれを検出する,部分実装,既存機能 + 今回拡張で一部のみ対応,- 公開前にAIが誤植・表記ゆれを検出できること
20,US-003,EMP_採用担当者,B. 採用広報,4. SNS投稿,生成内容をプレビュー確認・編集し即時または予約投稿する,部分実装,既存機能 + 今回拡張で一部のみ対応,"- 生成内容はプレビューで確認・編集でき承認後に即時または予約投稿できること
- 投稿日時を予約設定でき最適な配信タイミングをAIが提案できること"
21,US-003,EMP_採用担当者,B. 採用広報,5. 見込み応募者へのメッセージ送信,ターゲットを絞り込む,部分実装,既存機能 + 今回拡張で一部のみ対応,- 全フォロワーまたはセグメント（年代・居住地等）を指定してターゲットを絞り込むことができる
22,US-004,EMP_採用担当者,B. 採用広報,1. 応募者向けオンラインメディア,公務員ユーザーがナレッジ・ノウハウをコンテンツとして投稿する,部分実装,既存機能 + 今回拡張で一部のみ対応,"- 公務員ユーザーがナレッジ・ノウハウをコンテンツとして投稿できること
- 投稿コンテンツは承認フローを経て公開されること"
23,US-004,EMP_採用担当者,B. 採用広報,2. ブログ記事発信,生成された記事を編集・プレビュー確認後に公開する,部分実装,既存機能 + 今回拡張で一部のみ対応,- 生成された記事は編集・保存が可能でプレビュー確認後に公開できること
24,US-004,EMP_採用担当者,B. 採用広報,3. 採用案内発信,掲載期間を設定し期間終了後に自動アーカイブする,部分実装,既存機能 + 今回拡張で一部のみ対応,- 掲載期間を設定でき、期間終了後は自動的にアーカイブ移行されること
25,US-004,EMP_採用担当者,B. 採用広報,4. SNS投稿,各SNSのインプレッション・エンゲージメント率をダッシュボードで確認する,部分実装,既存機能 + 今回拡張で一部のみ対応,- 各SNSのインプレッション・エンゲージメント率をダッシュボードで確認できること
26,US-004,EMP_採用担当者,B. 採用広報,5. 見込み応募者へのメッセージ送信,メッセージ文面を記載する,部分実装,既存機能 + 今回拡張で一部のみ対応,"- メッセージ文面の下書きをAIが生成する
- AIが生成した下書き文面を編集できる
- メッセージ文面の最終確認ができる"
27,US-005,EMP_採用担当者,B. 採用広報,1. 応募者向けオンラインメディア,コンテンツごとの閲覧数・視聴完了率・流入経路をダッシュボードで確認する,今回実装済,本対応でAPI/画面を追加済み,- コンテンツごとの閲覧数・視聴完了率・流入経路をダッシュボードで確認できること
28,US-005,EMP_採用担当者,B. 採用広報,2. ブログ記事発信,記事ごとの閲覧数・シェア数・平均滞在時間をダッシュボードで確認する,部分実装,既存機能 + 今回拡張で一部のみ対応,- 記事ごとの閲覧数・シェア数・平均滞在時間をダッシュボードで確認できること
29,US-005,EMP_採用担当者,B. 採用広報,3. 採用案内発信,複数の採用案内をステータスで一覧管理する,部分実装,既存機能 + 今回拡張で一部のみ対応,- 複数の採用案内をステータス（下書き・公開中・終了）で一覧管理できること
30,US-005,EMP_採用担当者,B. 採用広報,5. 見込み応募者へのメッセージ送信,ターゲットにメッセージを送信する,部分実装,既存機能 + 今回拡張で一部のみ対応,- 絞り込んだターゲットに対し、メッセージの一斉送信ができる
31,US-005,EMP_採用担当者,B. 採用広報,5. 見込み応募者へのメッセージ送信,メッセージの開封率・クリック率を確認する,部分実装,一部指標・比較機能のみ先行実装,- 送信メッセージの開封率・クリック率を計測できる
32,US-006,EMP_採用担当者,B. 採用広報,3. 採用案内発信,採用案内ごとの閲覧数・クリック数・応募転換率を確認する,今回実装済,本対応でAPI/画面を追加済み,- 閲覧数・クリック数・応募転換率を採用案内ごとに確認できること
33,US-006,EMP_採用担当者,B. 採用広報,5. 見込み応募者へのメッセージ送信,フォロワーへ自動通知をする設定を管理する,部分実装,一部指標・比較機能のみ先行実装,- 新コンテンツ・採用案内公開時にフォロワーへ自動通知する設定を管理できること
34,US-007,EMP_採用担当者,B. 採用広報,5. 見込み応募者へのメッセージ送信,フォロワー数の推移をグラフで確認し施策との相関を分析する,部分実装,一部指標・比較機能のみ先行実装,- フォロワー数の推移をグラフで確認でき施策との相関を分析できること
35,US-001,EMP_採用担当者,C. 募集活動,1. 求人掲載,入力した求人票データについてAIからの改善提案を確認する,既存実装あり,現行システムの既存機能で対応済み想定（要受入確認）,"- 必求人票の入力フォームがAI収集に最適化された構造化フォーマットに刷新されること
- 既存の求人票データをもとにAIが改善提案を提示できること
- 過去の求人票をテンプレートとして複製・再利用できること
- 求人票の入力内容がスカウト機能・応募者分析機能と自動連携されること"
36,US-001,EMP_採用担当者,C. 募集活動,4. イベント集客,イベント情報を入力する,既存実装あり,現行システムの既存機能で対応済み想定（要受入確認）,- 必要事項（イベント名・日時・場所・定員・概要等）を入力できる
37,US-001,EMP_採用担当者,C. 募集活動,6. アンケート実施,アンケートを作成する,既存実装あり,現行システムの既存機能で対応済み想定（要受入確認）,- 設問形式（選択式・評点式・自由記述）を組み合わせてアンケートを作成できること
38,US-002,EMP_採用担当者,C. 募集活動,1. 求人掲載,求人票の公開・非公開・掲載期間を一画面で一元管理する,既存実装あり,現行システムの既存機能で対応済み想定（要受入確認）,- 求人票の公開・非公開・掲載期間を一画面で一元管理できること
39,US-002,EMP_採用担当者,C. 募集活動,4. イベント集客,イベントページを掲載する,既存実装あり,現行システムの既存機能で対応済み想定（要受入確認）,- 入力したイベント情報を公開できる
40,US-002,EMP_採用担当者,C. 募集活動,6. アンケート実施,アンケートの配信対象を設定する,既存実装あり,現行システムの既存機能で対応済み想定（要受入確認）,- 配信対象を全求職者・イベント参加者・特定求人の求職者・イベント参加者等から絞り込んで設定できること
41,US-003,EMP_採用担当者,C. 募集活動,1. 求人掲載,求人票の分析,既存実装あり,現行システムの既存機能で対応済み想定（要受入確認）,- 求人票ごとに閲覧数・応募数・辞退率をダッシュボードで確認できること
42,US-003,EMP_採用担当者,C. 募集活動,4. イベント集客,申込者情報・申込数・定員充足率・キャンセル数をダッシュボードで確認する,今回実装済,本対応でAPI/画面を追加済み,"- イベント申込者の情報をダッシュボードで一覧確認できる
- 申込数・定員充足率・キャンセル数をリアルタイムで確認できる"
43,US-003,EMP_採用担当者,C. 募集活動,6. アンケート実施,アンケートの配信トリガーを設定する,既存実装あり,現行システムの既存機能で対応済み想定（要受入確認）,- 任意タイミングでアンケートを配信するトリガーを設定できること
44,US-004,EMP_採用担当者,C. 募集活動,4. イベント集客,参加者にリマインドメッセージを自動送信する,既存実装あり,現行システムの既存機能で対応済み想定（要受入確認）,- 参加者に対してリマインドメッセージを自動送信できる
45,US-004,EMP_採用担当者,C. 募集活動,6. アンケート実施,回答結果をダッシュボードで確認する,既存実装あり,現行システムの既存機能で対応済み想定（要受入確認）,- 回答結果をダッシュボード上でグラフ・集計表として可視化できること
46,US-005,EMP_採用担当者,C. 募集活動,4. イベント集客,申込者情報をCSV形式でダウンロードする,既存実装あり,現行システムの既存機能で対応済み想定（要受入確認）,- 申込者情報をCSV形式でダウンロードできる
47,US-005,EMP_採用担当者,C. 募集活動,6. アンケート実施,回答データをCSV形式でダウンロードする,既存実装あり,現行システムの既存機能で対応済み想定（要受入確認）,- 回答データをCSV形式で出力できること
48,US-006,EMP_採用担当者,C. 募集活動,4. イベント集客,過去イベントの参加者数・応募転換率を年度別に比較分析する,今回実装済,本対応でAPI/画面を追加済み,- 過去イベントの参加者数・応募転換率を年度別に比較分析できる
49,US-006,EMP_採用担当者,C. 募集活動,6. アンケート実施,自由記述回答をAIが分析したインサイトサマリーを確認する,既存実装あり,現行システムの既存機能で対応済み想定（要受入確認）,- 自由記述回答をAIがカテゴリ分類しインサイトをサマリーで提示できること
50,US-001,EMP_採用担当者,D. エントリー受付,1. 応募者分析,応募者の流入経路をダッシュボードで一覧確認する,今回実装済,本対応でAPI/画面を追加済み,- 応募者の流入経路をダッシュボードで一覧確認できること
51,US-002,EMP_採用担当者,D. エントリー受付,1. 応募者分析,流入経路を複数の切り口で比較分析する,今回実装済,本対応でAPI/画面を追加済み,- 流入経路分析を求人別・年度別・職種別など複数の切り口で比較できること
52,US-003,EMP_採用担当者,D. エントリー受付,1. 応募者分析,応募者の基本属性を集計・グラフ表示する,部分実装,既存機能 + 今回拡張で一部のみ対応,- 応募者の基本属性を集計・グラフ表示できること
53,US-004,EMP_採用担当者,D. エントリー受付,1. 応募者分析,AIが面接官向け支援レポートを自動生成する,部分実装,既存機能 + 今回拡張で一部のみ対応,- AIが面接官向け支援レポート（応募理由の要点・注目経歴・推奨確認事項）を自動生成できること
54,US-005,EMP_採用担当者,D. エントリー受付,1. 応募者分析,面接官向けレポートを配信する,部分実装,既存機能 + 今回拡張で一部のみ対応,- 面接官向けレポートを面接前に自動配信または手動で送付できること
55,US-006,EMP_採用担当者,D. エントリー受付,1. 応募者分析,応募者データをCSV形式でダウンロードする,部分実装,既存機能 + 今回拡張で一部のみ対応,- 応募者データをCSV形式でダウンロードできること
56,US-001,EMP_採用担当者,E. 選考準備,1. 面接試験設計と評価基準策定,AIがコンピテンシー候補を自動提案する,既存実装あり,現行システムの既存機能で対応済み想定（要受入確認）,- コンピテンシー候補（主体性・対人調整力・粘り強さ等）をAIが自動提案できること
57,US-001,EMP_採用担当者,E. 選考準備,2. 面接官の訓練,AIが演じる模擬受験生と模擬面接トレーニングを実施する,既存実装あり,現行システムの既存機能で対応済み想定（要受入確認）,"- 面接官がAIが演じる模擬受験生と実際の面接形式でトレーニングを実施できること
- AI受験生は設定した人物像に基づいて一貫した応答ができること
- トレーニングはPCブラウザ上でテキスト形式で完結できること"
58,US-001,EMP_採用担当者,E. 選考準備,3. 日本人事試験研究センターとの連携,日本人事試験研究センターとAPI連携し試験申込・結果取得を自動化する,既存実装あり,現行システムの既存機能で対応済み想定（要受入確認）,- 日本人事試験研究センターとAPI連携でき試験申込・結果取得を自動化できること（詳細仕様は別途協議）
59,US-002,EMP_採用担当者,E. 選考準備,1. 面接試験設計と評価基準策定,重点見極め項目をカスタマイズ設定する,既存実装あり,現行システムの既存機能で対応済み想定（要受入確認）,- 自治体の特性・職種に応じた重点見極め項目をカスタマイズ設定できること
60,US-002,EMP_採用担当者,E. 選考準備,2. 面接官の訓練,複数の面接シナリオを選択してトレーニングする,既存実装あり,現行システムの既存機能で対応済み想定（要受入確認）,- 複数の面接シナリオを選択してトレーニングできること
61,US-002,EMP_採用担当者,E. 選考準備,3. 日本人事試験研究センターとの連携,取得した試験結果を応募者管理ダッシュボードに自動反映する,既存実装あり,現行システムの既存機能で対応済み想定（要受入確認）,- 取得した試験結果が応募者管理ダッシュボードに自動反映されること
62,US-003,EMP_採用担当者,E. 選考準備,1. 面接試験設計と評価基準策定,AIが面接評価シートを自動生成する,既存実装あり,現行システムの既存機能で対応済み想定（要受入確認）,- 面接評価シート（評価項目・評点基準・STAR法質問例）をAIが自動生成できること
63,US-003,EMP_採用担当者,E. 選考準備,2. 面接官の訓練,トレーニング後にAIがパフォーマンスをスコアリングする,既存実装あり,現行システムの既存機能で対応済み想定（要受入確認）,- トレーニング後に面接官のパフォーマンスをAIがスコアリングできること
64,US-003,EMP_採用担当者,E. 選考準備,3. 日本人事試験研究センターとの連携,試験結果と面接評価を組み合わせた総合スコアを確認する,既存実装あり,現行システムの既存機能で対応済み想定（要受入確認）,- 試験結果と面接評価を組み合わせた総合スコアをダッシュボードで確認できること
65,US-004,EMP_採用担当者,E. 選考準備,1. 面接試験設計と評価基準策定,過去の選考結果データをもとにAIが合格者のコンピテンシーを分析する,既存実装あり,現行システムの既存機能で対応済み想定（要受入確認）,- 過去の選考結果データをもとに合格者に共通するコンピテンシーをAIが分析・提示できること
66,US-004,EMP_採用担当者,E. 選考準備,2. 面接官の訓練,スコアリング結果をもとにAIが改善アドバイスをフィードバックする,既存実装あり,現行システムの既存機能で対応済み想定（要受入確認）,- スコアリング結果に基づく改善アドバイスをAIがフィードバックできること
67,US-004,EMP_採用担当者,E. 選考準備,3. 日本人事試験研究センターとの連携,連携エラー発生時にアラート通知を受ける,既存実装あり,現行システムの既存機能で対応済み想定（要受入確認）,- 連携エラー発生時に管理者へアラート通知が届くこと
68,US-005,EMP_採用担当者,E. 選考準備,1. 面接試験設計と評価基準策定,面接評価シートを編集・保存・再利用する,既存実装あり,現行システムの既存機能で対応済み想定（要受入確認）,- 面接評価シートは編集・保存が可能で次回以降テンプレートとして再利用できること
69,US-005,EMP_採用担当者,E. 選考準備,3. 日本人事試験研究センターとの連携,連携対象のデータ項目・タイミングを設定する,既存実装あり,現行システムの既存機能で対応済み想定（要受入確認）,- 連携対象のデータ項目・タイミングを設定画面から管理できること
70,US-006,EMP_採用担当者,E. 選考準備,1. 面接試験設計と評価基準策定,面接評価シートをPDF形式で出力する,既存実装あり,現行システムの既存機能で対応済み想定（要受入確認）,- 面接評価シートをPDF形式で出力できること
71,US-006,EMP_採用担当者,E. 選考準備,3. 日本人事試験研究センターとの連携,試験結果データをCSV形式で出力する,既存実装あり,現行システムの既存機能で対応済み想定（要受入確認）,- 試験結果データをCSV形式で出力できること
72,US-001,EMP_採用担当者,F. 書類選考,1. エントリーシート受付・評価支援,エントリーシートをオンラインで受付・一元管理する,既存実装あり,現行システムの既存機能で対応済み想定（要受入確認）,- エントリーシートをプラットフォーム上でオンライン受付・一元管理できること
73,US-002,EMP_採用担当者,F. 書類選考,1. エントリーシート受付・評価支援,受付締切を設定する,既存実装あり,現行システムの既存機能で対応済み想定（要受入確認）,- 受付締切を設定でき、期限後の応募を自動的に受付不可にできること
74,US-003,EMP_採用担当者,F. 書類選考,1. エントリーシート受付・評価支援,応募者ごとのエントリーシートのAI要約と確認ポイントを確認する,既存実装あり,現行システムの既存機能で対応済み想定（要受入確認）,- 応募者ごとのエントリーシート内容をAIが要約し、評価者向けの確認ポイントを提示できること
75,US-004,EMP_採用担当者,F. 書類選考,1. エントリーシート受付・評価支援,評価結果を記録する,既存実装あり,現行システムの既存機能で対応済み想定（要受入確認）,- 評価者が評価結果（評点・コメント）をプラットフォーム上で記録できること
76,US-005,EMP_採用担当者,F. 書類選考,1. エントリーシート受付・評価支援,[@20260410_SFT追記] 当落線上の応募者には追加審査（AI面接）を案内する,今回実装済,本対応でAPI/画面を追加済み,- TBD
77,US-006,EMP_採用担当者,F. 書類選考,1. エントリーシート受付・評価支援,複数評価者の評価結果を集計し合否判断を行う,既存実装あり,現行システムの既存機能で対応済み想定（要受入確認）,- 複数評価者の評価結果を集計し、合否判断を支援できること
78,US-007,EMP_採用担当者,F. 書類選考,1. エントリーシート受付・評価支援,合否結果を応募者へ通知する,既存実装あり,現行システムの既存機能で対応済み想定（要受入確認）,- 合否結果を応募者へ一括またはセグメント別にメッセージ通知できること
79,US-001,EMP_採用担当者,J. 録画面接,1. 録画面接の設定・実施・評価,録画面接を設定する,既存実装あり,現行システムの既存機能で対応済み想定（要受入確認）,- 質問内容・回答時間・再撮影可否等の録画面接設定をプラットフォーム上で行えること
80,US-002,EMP_採用担当者,J. 録画面接,1. 録画面接の設定・実施・評価,応募者が録画面接を受験・動画を提出する,既存実装あり,現行システムの既存機能で対応済み想定（要受入確認）,- 応募者がプラットフォーム上で録画面接を受験・動画を提出できること
81,US-003,EMP_採用担当者,J. 録画面接,1. 録画面接の設定・実施・評価,提出された録画動画を再生・評価する,既存実装あり,現行システムの既存機能で対応済み想定（要受入確認）,- 提出された録画動画を評価者がプラットフォーム上で再生・評価できること
82,US-004,EMP_採用担当者,J. 録画面接,1. 録画面接の設定・実施・評価,AIが提案する評価観点・評点基準を参照し、面接評価シートを完成させる,既存実装あり,現行システムの既存機能で対応済み想定（要受入確認）,- 評価観点・評点基準をAIが自動提案し、面接評価シートを生成できること
83,US-005,EMP_採用担当者,J. 録画面接,1. 録画面接の設定・実施・評価,評価結果を記録・提出する,既存実装あり,現行システムの既存機能で対応済み想定（要受入確認）,- 評価者が評価結果をプラットフォーム上で記録・提出できること
84,US-006,EMP_採用担当者,J. 録画面接,1. 録画面接の設定・実施・評価,録画面接の結果を応募者管理ダッシュボードに自動反映する,既存実装あり,現行システムの既存機能で対応済み想定（要受入確認）,- 録画面接の結果が応募者管理ダッシュボードに自動反映されること
85,US-001,EMP_採用担当者,K. 対話型AI面接,1. 対話型AI面接の設定・結果確認,対話型AI面接を設定する,今回実装済,本対応でAPI/画面を追加済み,- 質問内容・評価基準・制限時間等のAI面接設定をプラットフォーム上で行えること
86,US-002,EMP_採用担当者,K. 対話型AI面接,1. 対話型AI面接の設定・結果確認,応募者がAIとの対話形式の面接を受験する,部分実装,既存機能 + 今回拡張で一部のみ対応,- 応募者がプラットフォーム上でAIとの対話形式の面接を受験できること
87,US-003,EMP_採用担当者,K. 対話型AI面接,1. 対話型AI面接の設定・結果確認,AI面接の評価結果をダッシュボードで確認する,今回実装済,本対応でAPI/画面を追加済み,- AI面接の評価結果（応答内容の要約・評点・注目点）をダッシュボードで確認できること
88,US-004,EMP_採用担当者,K. 対話型AI面接,1. 対話型AI面接の設定・結果確認,AI面接結果と他の選考データを統合して閲覧する,今回実装済,本対応でAPI/画面を追加済み,- AI面接結果と他の選考データを統合して閲覧できること
89,US-005,EMP_採用担当者,K. 対話型AI面接,1. 対話型AI面接の設定・結果確認,AI面接結果をもとに合否判断を記録する,今回実装済,本対応でAPI/画面を追加済み,- 評価者がAI面接結果をもとに合否判断をプラットフォーム上で記録できること
90,US-006,EMP_採用担当者,K. 対話型AI面接,1. 対話型AI面接の設定・結果確認,AI面接の結果を応募者管理ダッシュボードに自動反映する,今回実装済,本対応でAPI/画面を追加済み,- AI面接の結果が応募者管理ダッシュボードに自動反映されること
91,US-001,EMP_採用担当者,N. 選考管理,1. 受験者管理・ダッシュボード・応募者FB,全選考フェーズの受験者状況をダッシュボードで一覧確認する,既存実装あり,現行システムの既存機能で対応済み想定（要受入確認）,"- 全選考フェーズの受験者状況をダッシュボードで一覧確認できること
- ダッシュボード上に「目標N名／現在の内定承諾数N名（充足率N%）」がプログレスバーで表示される
- 複数求人を持つ場合、求人ごと・全体合計の両方で充足率を確認できる
- 充足率が設定した閾値（例: 50%未満）を下回った場合、アラート表示される"
92,US-002,EMP_採用担当者,N. 選考管理,1. 受験者管理・ダッシュボード・応募者FB,応募者ごとに全選考結果を統合して閲覧する,既存実装あり,現行システムの既存機能で対応済み想定（要受入確認）,- 応募者ごとに書類・筆記・面接の全選考結果を統合して閲覧できること
93,US-003,EMP_採用担当者,N. 選考管理,1. 受験者管理・ダッシュボード・応募者FB,選考フェーズごとの通過率・離脱率をグラフで確認する,既存実装あり,現行システムの既存機能で対応済み想定（要受入確認）,- 選考フェーズごとの通過率・離脱率をグラフで可視化できること
95,US-005,EMP_採用担当者,N. 選考管理,1. 受験者管理・ダッシュボード・応募者FB,[@20260410_SFT追記] 応募者体験に関わる採用プロセス改善を目的として、応募者へのアンケートを送付する,既存実装あり,現行システムの既存機能で対応済み想定（要受入確認）,"- 設問形式（選択式・評点式・自由記述）を組み合わせてアンケートを作成できること
    - 面接前アンケート
    - 面接後アンケート
    - 内定辞退理由アンケート"
96,US-006,EMP_採用担当者,N. 選考管理,1. 受験者管理・ダッシュボード・応募者FB,応募者データをCSV形式でエクスポートする,既存実装あり,現行システムの既存機能で対応済み想定（要受入確認）,- 応募者データをCSV形式でエクスポートできること
97,US-001,EMP_採用担当者,P. その他,1. AIリクルーティングプロデューサー,採用フェーズに応じた推奨アクションをAIから受け取る,部分実装,AI採用支援API/画面を追加済み（複数自治体運用の実データ連携は要拡張）,- 採用フェーズに応じた推奨アクションをAIが提示できること
98,US-002,EMP_採用担当者,P. その他,1. AIリクルーティングプロデューサー,対応期限が近いタスクのリマインド通知を受け取る,部分実装,AI採用支援API/画面を追加済み（複数自治体運用の実データ連携は要拡張）,- 対応期限が近いタスクをAIがリマインド通知できること
100,US-004,EMP_採用担当者,P. その他,1. AIリクルーティングプロデューサー,複数自治体担当の場合、自治体ごとの進捗を一覧確認する,部分実装,AI採用支援API/画面を追加済み（複数自治体運用の実データ連携は要拡張）,- 複数自治体担当の場合、自治体ごとの進捗を一覧確認できること
PAGE-1,US-PAGE,EMP_採用担当者,B. 採用広報,3. 採用案内発信,採用ページのデザインテンプレートを選択する,部分実装,既存機能 + 今回拡張で一部のみ対応,"- 複数のデザインテンプレート（最低5種類以上）から採用ページのレイアウトを選択できること
- テンプレートはPC・スマートフォン両対応のレスポンシブデザインであること
- テンプレートを選択後もセクション（キービジュアル・求人一覧・メディア・職員インタビュー等）の表示/非表示・並び順を変更できること
- テンプレートはプレビューで確認してから適用できること
- 適用後もいつでもテンプレートを変更できること"
PAGE-2,US-PAGE,EMP_採用担当者,B. 採用広報,3. 採用案内発信,採用ページのメインカラー・フォントを自治体ブランドに合わせて設定する,部分実装,既存機能 + 今回拡張で一部のみ対応,"- メインカラー・サブカラー・アクセントカラーをカラーコード（HEX）またはカラーピッカーで設定できること
- 設定したカラーはボタン・見出し・リンク・背景など全体に自動適用されること
- フォントをプリセットの選択肢（最低5種類以上）から設定できること
- カラー・フォントの変更はリアルタイムでプレビューに反映されること
- アクセシビリティ基準（WCAG 2.1 AA）のコントラスト比を満たさない組み合わせの場合は警告を表示できること"
PAGE-3,US-PAGE,EMP_採用担当者,B. 採用広報,3. 採用案内発信,自治体ロゴ・ファビコン・OGP画像をアップロードして採用ページに設定する,部分実装,既存機能 + 今回拡張で一部のみ対応,"- 自治体ロゴ画像（PNG・SVG・JPEG対応）をアップロードしてヘッダーに表示できること
- ファビコン（ブラウザタブのアイコン）を設定できること
- SNSシェア時に表示されるOGP画像・タイトル・説明文を設定できること
- ロゴの表示サイズ・位置（左/中央）を調整できること
- アップロード画像は推奨サイズのガイドを表示し、サイズ不足の場合は警告を出すこと
- プラットフォーム全体のOGPタイトルのデフォルト値は「公務員採用プラットフォーム PUBLIC CONNECT」とすること
- 自治体が独自のOGPタイトルを設定した場合はそちらを優先表示すること"
PAGE-4,US-PAGE,EMP_採用担当者,B. 採用広報,3. 採用案内発信,採用ページに独自ドメインを設定して公開する,部分実装,既存機能 + 今回拡張で一部のみ対応,"- 自治体が保有する独自ドメインをCNAME設定で採用ページに紐付けられること
- SSL証明書が自動発行・更新されHTTPS通信が担保されること
- 独自ドメイン設定の手順をガイド付きウィザード形式で案内できること
- 独自ドメイン未設定の場合はプラットフォームのサブドメイン（例：a-city.publicconnect.jp）で公開できること
- 独自ドメインへの移行時に旧URLから新URLへ301リダイレクトが設定できること"
PAGE-5,US-PAGE,EMP_採用担当者,B. 採用広報,3. 採用案内発信,採用ページの公開設定・SEO設定を管理する,部分実装,既存機能 + 今回拡張で一部のみ対応,"- ページのメタタイトル・メタディスクリプションを設定できること
- Google Search Consoleとの連携設定（サイトマップ送信・所有権確認）ができること
- 採用ページ全体・求人票単位で公開/非公開を切り替えられること
- 公開開始日・終了日をスケジュール設定できること
- ページのアクセス解析（PV・UU・滞在時間・直帰率）をダッシュボードで確認できること"
NEW-1,US-NEW,EMP_採用担当者,C. 募集活動,1. 求人掲載,AIが職種・採用条件の入力から求人票の下書きを自動生成する,既存実装あり,現行システムの既存機能で対応済み想定（要受入確認）,"- 職種・採用人数・受験資格・試験日程・業務概要などの基本項目を入力するとAIが求人票の下書きを自動生成できること
- 生成された下書きはそのまま投稿または全項目を編集・修正できること
- 生成の際に「業務のやりがい」「職場の雰囲気」などの訴求ポイントをオプションで追加指定できること
- 過去に作成した求人票をテンプレートとして選択し、AIが内容を引き継いで新規生成できること"
NEW-2,US-NEW,EMP_採用担当者,C. 募集活動,1. 求人掲載,類似自治体の求人票や採用実績データをもとにAIが表現を最適化する,既存実装あり,現行システムの既存機能で対応済み想定（要受入確認）,"- 類似規模・類似職種の自治体の求人票パターンをもとにAIが表現の改善提案を提示できること
- 「応募者が増えやすい表現」「離脱率が低い構成」などのインサイトをAIが提示できること
- 提案内容はワンクリックで本文に反映でき、元の表現と比較しながら選択できること"
NEW-3,US-NEW,EMP_採用担当者,C. 募集活動,1. 求人掲載,生成・編集した求人票をプレビュー確認後に公開する,既存実装あり,現行システムの既存機能で対応済み想定（要受入確認）,"- 生成・編集した求人票を求職者画面のプレビューで確認できること
- 公開前にAIが必須項目の未入力・表記ゆれ・不適切表現を自動検出し警告を表示できること
- プレビュー確認後、承認フローを経て公開できること
- 公開後も求人票を編集でき、変更履歴を保持できること"
4,US-004,JS_求職者,P. その他,1. ユーザーアクティビティ・基本情報,閲覧・応募・イベント参加等のアクティビティ履歴を記録・活用する,今回実装済,アクティビティログAPI/集計API/履歴画面を追加,- 閲覧・応募・イベント参加等のアクティビティ履歴を記録・活用できること
4,US-004,PC_運営者,P. その他,1. 求職者へのアクション,送信日時を予約設定する,既存実装あり,現行システムの既存機能で対応済み想定（要受入確認）,- 送信日時を予約設定できること
OPT-1,US-OPT,PC_運営者,P. その他,2. オプション機能管理,自治体ごとにオプション機能の有効・無効を管理画面から切り替える,今回実装済,管理画面と設定APIを追加し自治体単位ON/OFFを実装,"- PC_運営者の管理画面から、自治体単位でRecruitオプション機能6種をそれぞれ独立してON/OFFできること
対象オプション機能（Recruit）：
  1. 録画面接（非同期）
  2. 対話型AI面接
  3. 採用ファネル逆算AI（高精度版）
  4. SNS一元管理・自動投稿
  5. 採用コンピテンシー分析・活躍予測
  6. 競合自治体の採用動向分析
- 有効化・無効化はリアルタイムで反映され、対象自治体の採用担当者画面に即時適用されること
- 無効化された機能は採用担当者画面から完全に非表示になること（メニュー・ボタン・案内文を含む）
- 有効化の操作ログ（操作者・日時・対象自治体・対象機能）が記録・参照できること"
OPT-2,US-OPT,PC_運営者,P. その他,2. オプション機能管理,オプション機能にトライアル期間を設定して期限付きで有効化する,今回実装済,トライアル期間と契約区分の設定UI/APIを追加,"- オプション機能を有効化する際に「トライアル期間（開始日・終了日）」を設定できること
- トライアル期間終了の7日前・3日前・当日に管理者へアラート通知が送られること
- トライアル期間終了後は該当機能が自動的に無効化されること
- トライアル期間中の利用状況（利用回数・利用ユーザー数・操作ログ）を管理画面で確認できること
- トライアルから本契約への切り替えは管理画面から1操作で完了できること"
OPT-3,US-OPT,PC_運営者,P. その他,2. オプション機能管理,全自治体のオプション契約状況・有効化状況を一覧で管理する,今回実装済,自治体×オプションのマトリクス表示と保存を実装,"- 全自治体×全オプション機能のマトリクス形式で有効化状況を一覧表示できること
- 自治体名・オプション種別・有効化日・トライアル/本契約の区分・期限を表示できること
- 「未導入の自治体」「トライアル期限が30日以内」などの条件でフィルタリングできること
- 一覧からCSVエクスポートができること
- オプション別の導入率・平均利用頻度を集計したサマリーダッシュボードを表示できること"
OPT-5,US-OPT,PC_運営者,P. その他,2. オプション機能管理,有効化されたオプション機能の利用状況をモニタリングする,今回実装済,利用状況サマリーAPIと管理画面テーブルを実装,"- オプション機能ごとに「利用回数」「利用ユーザー数」「最終利用日」を自治体単位で確認できること
- 直近30日間の利用がない自治体を「休眠アラート」として管理画面に表示できること
- 利用状況のサマリーを週次でRP・CS担当者にメール通知できること
- 利用状況データをCSVエクスポートできること"
NAME-1,US-NAME,PC_運営者,P. その他,3. サービス名称管理,求職者向けサービス名をプラットフォーム全体に統一表示する,今回実装済,求職者向けタイトル/OGPの既定値を統一し管理設定を追加,"- ブラウザのタイトルバー・タブ名は「公務員採用プラットフォーム PUBLIC CONNECT」と表示されること
- 求職者向けページのヘッダーロゴ横テキストは「公務員採用プラットフォーム PUBLIC CONNECT」と表示されること
- 自治体の採用管理画面（Recruit）のヘッダー・管理画面には「Recruit」を使用し、「公務員採用プラットフォーム PUBLIC CONNECT」は表示しないこと
- ドメインは変更しない（現行ドメインを維持）
※ 求職者向け表示名は「公務員採用プラットフォーム PUBLIC CONNECT」を使用する。自治体向け管理画面はRecruitのまま変更なし。"
NAME-2,US-NAME,PC_運営者,P. その他,3. サービス名称管理,メール通知の送信元名・件名に求職者向けサービス名を使用する,今回実装済,送信元名と件名プレフィックスの管理設定を追加,"- 求職者宛てメール通知の送信元名は「公務員採用プラットフォーム PUBLIC CONNECT」と表示されること
- 件名の冒頭または末尾に「[公務員採用プラットフォーム PUBLIC CONNECT]」を付与できること
- 自治体（採用担当者）宛てメール通知の送信元名は「Recruit」または自治体名を使用すること
- メール通知テンプレートの編集画面でサービス名を変更できないよう制御すること
※ 求職者向け表示名は「公務員採用プラットフォーム PUBLIC CONNECT」を使用する。自治体向け管理画面はRecruitのまま変更なし。"
NAME-3,US-NAME,PC_運営者,P. その他,3. サービス名称管理,SNSシェア時のOGP表示に求職者向けサービス名を使用する,今回実装済,OGP既定値を統一し管理設定を追加,"- プラットフォーム全体のOGPタイトルのデフォルト値は「公務員採用プラットフォーム PUBLIC CONNECT」とすること
- OGPのog:site_nameには「公務員採用プラットフォーム PUBLIC CONNECT」を設定すること
- 自治体が採用ページに独自OGPタイトルを設定した場合はそちらを優先表示すること
- ドメインは変更しない（現行ドメインを維持）
※ 求職者向け表示名は「公務員採用プラットフォーム PUBLIC CONNECT」を使用する。自治体向け管理画面はRecruitのまま変更なし。"
NAME-4,US-NAME,PC_運営者,P. その他,3. サービス名称管理,PC_運営者がサービス表示名を一元管理できる,今回実装済,管理画面にサービス名称一元管理ページを追加,"- PC_運営者の管理画面から求職者向けサービス表示名を設定できること
- 設定した表示名はタイトルバー・ヘッダー・メール送信元・OGPに一括反映されること
- 表示名の変更履歴（変更日時・変更者・変更前後の値）が記録されること
- 自治体向け管理画面（Recruit）の表示名は別途独立して管理できること"
